Temperature,Density,Viscosity
K,g/cm^3,Pa*s
-60,0.75019,0.0014536
-50,0.74191,0.0011649
-40,0.73366,0.00095924
-30,0.72543,0.00080663
-20,0.71718,0.00068962
-10,0.70892,0.00059752
0,0.70062,0.00052344
10,0.69226,0.00046277
20,0.68385,0.00041229
30,0.67534,0.00036972
40,0.66674,0.0003334
50,0.65803,0.00030209
60,0.64918,0.00027483